{"cameraMode":{"drawMode":0,"name":"Shaded","section":"Shading Mode"},"sceneLighting":false,"audioPlay":false,"sceneViewState":{"m_AlwaysRefresh":false,"showFog":false,"showSkybox":false,"showFlares":false,"showImageEffects":false,"showParticleSystems":false,"showVisualEffectGraphs":true,"m_FxEnabled":true},"in2DMode":false,"pivot":{"x":-0.011389970779418946,"y":1.2644822597503663,"z":-0.01090240478515625},"rotation":{"x":-0.0357489287853241,"y":-0.1160663366317749,"z":0.004179942887276411,"w":-0.9925940632820129},"size":2.2191202640533449,"orthographic":false}